word,freq
bem,2278717
sim,1839153
aqui,1798698
vai,1491347
vamos,1420644
tudo,1353946
então,1211428
pode,1197179
agora,1181210
vou,1140600
fazer,1055940
sei,1053771
certo,918318
quer,908089
sabe,868139
nada,816543
disse,806689
onde,787679
quero,783981
bom,774538
ter,766268
dizer,741447
posso,740678
acho,735638
sobre,734703
mim,730004
porque,711704
coisa,669387
todos,655568
algo,636337
tempo,621951
assim,620622
nunca,608898
casa,600389
quê,599493
ver,582702
pra,563223
ainda,558497
tão,551951
cara,531856
favor,521946
melhor,520581
noite,514681
obrigado,503071
dia,495684
talvez,490918
pai,487553
deus,468950
alguém,468942
mãe,458810
vida,456588
senhor,453553
sempre,449587
anos,449517
vez,438847
verdade,435669
ficar,424486
parece,424214
claro,416979
falar,406564
coisas,405017
antes,404707
pessoas,403648
pouco,402632
preciso,393375
apenas,385267
homem,383305
deve,381544
boa,380027
dois,378982
fazendo,374216
todo,366012
lugar,365584
faz,365096
acha,361688
fez,360039
disso,349418
trabalho,348067
precisa,339447
hoje,335062
ninguém,330982
novo,327125
queria,322107
comigo,320834
mundo,315223
saber,313726
alguma,310457
dar,308480
podemos,304299
grande,302177
sinto,302174
poderia,300177
dinheiro,296405
nome,289740
quanto,284657
qualquer,283792
outro,282121
desculpe,268618
filho,267642
certeza,262701
vão,262556
hora,258209
outra,253337
sair,241982
toda,239382
volta,238641
problema,237965
obrigada,236384
olá,233623
tipo,233417
realmente,232993
sabia,232259
aconteceu,230961
menos,230759
mulher,230503
algum,229208
diga,226150
falando,225075
espere,224491
ótimo,218571
carro,217940
vezes,215892
amigo,214659
primeiro,214074
deveria,213644
venha,210165
três,209744
daqui,206026
sério,204028
diz,203268
voltar,200945
parte,200135
amor,199565
feliz,197259
viu,193973
embora,192388
família,192013
olhe,191301
deixar,190410
atrás,189476
faça,188657
pensei,188161
ajudar,187791
todas,187391
olha,184048
duas,183434
querida,181748
frente,180391
indo,178129
alguns,177552
dias,176804
vem,175957
lado,174756
podem,172903
fiz,172788
merda,171084
pare,169805
tarde,169685
gosto,169631
precisamos,169166
caso,168838
fique,167217
dentro,166996
cidade,165665
momento,165133
pegar,164895
nenhum,164611
gente,163727
amanhã,162442
cabeça,161507
gostaria,161412
amigos,159251
mal,158673
enquanto,156514
homens,155377
logo,155159
desde,154598
tanto,154098
garota,153950
pessoa,153920
legal,153361
amo,153007
rápido,152583
algumas,152471
cada,152335
jeito,151950
tentando,150938
meio,150787
outros,150574
têm,150503
medo,149569
importa,147783
irmão,147268
errado,146252
história,144741
primeira,144548
quase,144341
horas,144177
encontrar,143651
nova,142510
pessoal,141711
difícil,141480
forma,141405
contra,140747
matar,140732
semana,140660
dizendo,139892
perto,139350
demais,139005
entrar,138656
deu,137004
achei,136837
deixe,136721
vejo,136691
polícia,136473
espero,136327
sido,134537
juntos,133805
ajuda,133530
ano,133439
caminho,132885
nisso,132871
quiser,132500
crianças,132498
manhã,131838
sorte,131022
morte,131003
pensar,129699
papai,129449
ali,128787
veja,128774
fica,128765
quarto,128047
levar,127299
filha,126797
feito,126740
minutos,126705
morto,126021
porta,125738
entendo,124645
cima,124265
acabou,124190
chegar,123890
veio,123287
água,122397
mesma,122368
significa,121562
pronto,121186
esposa,120840
vir,120576
acredito,120491
ouvir,120219
gosta,118631
morrer,117738
olhos,117197
garoto,117095
última,116717
coração,116476
contar,116342
importante,116341
jogo,116288
acontecendo,115909
razão,115775
mãos,115576
devo,115374
ideia,115356
consigo,114885
idiota,114632
passar,114587
havia,113652
problemas,113369
parar,112758
senhora,112327
fim,112144
corpo,111546
chefe,111526
poder,111160
mamãe,110962
cuidado,110889
começar,110856
espera,110669
ficou,110169
conta,110148
exatamente,110048
arma,109719
longe,109588
escola,109580
tentar,108293
pois,108028
terra,107896
droga,107699
ontem,107458
pensando,107444
única,107358
devia,107350
sendo,107229
causa,107218
guerra,105845
chance,105170
usar,104604
marido,103987
mão,103699
tal,103391
trabalhar,102858
sangue,102853
música,102282
esperar,102159
querem,101749
uns,101113
nenhuma,100716
digo,99268
estranho,98945
maior,98905
velho,97946
faço,97526
boca,97426
festa,97006
fala,96434
mulheres,96266
conhece,96022
ouvi,95878
tirar,95803
esperando,95351
podia,95312
licença,95301
capitão,95181
preocupe,95115
comer,95065
fácil,94781
deixa,94652
novamente,94399
além,94391
irmã,94345
meses,94008
suficiente,93699
pais,93390
segundo,93200
sabemos,92908
muitas,92871
cinco,92861
bebê,92825
matou,92526
querido,92414
muita,91944
idéia,91898
saia,91810
muitos,91329
número,91003
deixou,90756
conseguir,90551
lembra,90357
dessa,90327
morreu,90302
tomar,89968
the,89783
bastante,89253
neste,89011
maneira,88865
quatro,88802
filhos,88774
acontecer,88150
criança,87732
dormir,87732
durante,87664
possa,87555
desse,87508
vindo,87004
certa,87002
café,86806
possível,86537
casamento,86479
irá,86259
acordo,85957
quis,85900
equipe,85657
conheço,85576
ruim,85371
culpa,85194
jantar,85011
provavelmente,84899
consegue,84724
telefone,84247
mil,84062
forte,83276
sentir,83212
viver,83083
chegou,82948
diferente,82754
sozinho,82408
prazer,82355
pergunta,82124
procurando,81788
iria,80975
conseguiu,80832
outras,80788
final,80619
minuto,80590
sala,80375
chega,80153
único,79997
falta,79616
desta,79504
incrível,79391
devemos,79389
direito,79366
nessa,79187
vivo,79164
mudar,79150
faria,79103
porra,79014
perder,78895
falou,78291
segurança,78219
pagar,78043
plano,77778
descobrir,77707
conversar,77698
achar,77442
próxima,77416
sabem,77265
comida,77226
pegue,76959
diabos,76730
trás,76179
jovem,76149
trouxe,76059
acreditar,76055
olhar,75621
cama,75528
ponto,75489
passado,75482
pena,75418
colocar,75338
tchau,75293
nesse,75109
fale,74987
ouça,74891
nele,74764
calma,74528
filme,74508
pedir,74492
paz,74449
sente,74322
louco,74120
palavra,73947
pequeno,73777
john,73562
caras,73358
ouviu,72785
próximo,72783
médico,72650
pensa,72626
ligar,72450
pior,72383
força,71776
mostrar,71727
país,71279
acontece,71231
fogo,70925
entende,70194
baixo,70154
sob,69986
acabar,69931
continuar,69813
lembro,69360
dizem,69210
srta,68970
vendo,68912
luz,68816
jogar,68467
livro,68430
adeus,68420
perguntar,67772
existe,67737
manter,67695
fazem,67683
cedo,67612
querer,67516
desculpa,67373
jack,67339
semanas,67215
vim,67116
começou,66725
hospital,66634
atenção,66547
seis,66434
linda,66389
último,66261
chamar,66128
escritório,65864
rei,65683
falei,65546
especial,65499
comprar,65212
após,65202
resto,65168
fiquei,65124
alô,65013
saiu,64897
ganhar,64819
controle,64686
fico,64450
brincando,64250
volte,64170
nesta,64071
garotas,64047
queremos,63747
presidente,63744
pegou,63610
real,63517
devem,63381
aonde,63320
precisar,63126
negócio,62899
doutor,62894
encontro,61992
escute,61801
finalmente,61742
estado,61486
cuidar,60836
ama,60809
armas,60763
rua,60529
sam,60493
umas,60448
dólares,60344
fato,60323
sentido,60127
pequena,60086
prisão,59752
casar,59639
trabalhando,59425
escolha,59391
puta,59377
amiga,59231
sozinha,58969
próprio,58945
cabelo,58805
deste,58773
engraçado,58544
policial,58388
perfeito,58262
passou,58164
alto,58111
palavras,57935
livre,57552
mente,57490
seguro,57329
menina,57270
própria,57216
bonito,57038
futuro,57038
pro,56913
entendi,56702
esqueça,56687
respeito,56606
tio,56450
entender,56334
estará,56161
visto,56158
agente,55946
sinal,55795
grupo,55772
andar,55660
presente,55514
milhões,55448
rosto,55388
mesa,55306
dor,55231
foto,55156
preso,54749
leve,54602
partir,54587
consegui,54528
sexo,54244
voz,54239
assassino,54216
pense,54184
chamado,54116
daí,53703
sai,53684
pediu,53657
jesus,53601
situação,53568
olhando,53530
perdeu,53524
you,53509
tom,53441
voltou,53299
grandes,53253
modo,53213
viagem,53073
sistema,53013
rapazes,52842
simples,52840
linha,52776
achou,52739
entendeu,52613
salvar,52568
boas,52377
conhecer,52374
estaria,52374
emprego,52363
chama,52320
bonita,52234
conosco,52213
melhores,51885
dez,51848
mensagem,51731
michael,51721
contou,51635
idade,51552
crime,51531
questão,51399
trazer,51393
usando,51335
local,51263
simplesmente,51031
lindo,50868
tente,50856
encontrei,50725
ficará,50701
acredita,50699
levou,50583
precisam,50489
farei,50464
doente,50444
natal,50358
professor,50230
odeio,50168
rapaz,50099
motivo,49971
disseram,49941
fizeram,49708
seguir,49671
ótima,49267
programa,49216
campo,49189
normal,49078
continue,49035
vontade,48919
graças,48859
menino,48818
chão,48790
sol,48741
hey,48679
soube,48473
acabei,48448
perguntas,48393
surpresa,48375
lista,48356
sonho,48276
olho,48164
terminar,48158
irei,48002
resposta,47991
beber,47952
ordem,47897
encontrou,47847
senhores,47680
peguei,47670
hotel,47633
caixa,47615
quente,47494
povo,47397
acidente,47250
erro,47127
precisava,46959
diria,46959
advogado,46927
mortos,46853
aniversário,46803
joe,46732
inferno,46641
ataque,46533
david,46407
charlie,46343
vale,46236
frank,46182
fotos,46043
show,45951
abrir,45916
parabéns,45842
fome,45793
voce,45793
ficando,45655
totalmente,45644
morta,45526
loja,45495
naquela,45457
energia,45308
conversa,45100
espaço,45045
serviço,45044
monte,44907
assassinato,44903
lei,44767
negócios,44707
banco,44685
reunião,44648
estarei,44636
completamente,44585
george,44577
divertido,44407
ligou,44372
segunda,44288
perdi,44276
fundo,44248
lutar,44238
pudesse,44232
explicar,44219
tome,44029
notícias,44006
céu,43915
trabalha,43886
exército,43832
mês,43826
mike,43819
parecia,43788
passa,43763
fará,43718
continua,43673
dei,43532
tire,43484
olhada,43320
carta,43203
lembrar,43179
roupas,43142
contato,43114
detetive,43095
passada,43088
fizemos,43067
papel,43059
área,43038
governo,43031
abra,42906
interessante,42884
horrível,42871
luta,42846
ben,42845
dando,42839
beleza,42812
certamente,42701
apartamento,42654
banheiro,42638
mudou,42603
capaz,42320
metade,42116
penso,42109
funciona,42089
tentei,42087
procurar,42050
tradução,41994
velha,41976
triste,41973
prometo,41853
prova,41752
barco,41712
bons,41690
tentou,41637
hein,41616
quantos,41596
senti,41547
decisão,41450
tenente,41421
bebida,41275
através,41236
conselho,41208
avião,41195
juro,41160
saindo,40892
ler,40873
nela,40850
tocar,40829
breve,40788
pronta,40722
ligue,40702
frio,40701
bar,40577
anda,40498
missão,40465
chave,40172
lamento,40148
impossível,40065
peça,40062
igreja,40029
namorado,40010
terrível,39973
maravilhoso,39963
namorada,39874
maioria,39724
tendo,39713
segredo,39705
leva,39648
verdadeiro,39600
viva,39581
naquele,39560
saiba,39512
roupa,39400
sete,39299
vítima,39249
drogas,39171
nave,39054
assunto,39029
mandou,38856
imediatamente,38798
diferentes,38760
ajude,38658
cair,38640
fazemos,38625
ouro,38621
loucura,38592
time,38497
vidas,38448
pobre,38412
ouvindo,38298
mar,38283
faremos,38194
puder,38175
vista,38104
começa,38039
alma,38030
aposto,37959
desses,37915
fazia,37901
paul,37813
general,37765
mestre,37748
adoro,37680
senhorita,37670
celular,37657
oficial,37617
cavalo,37526
companhia,37495
somente,37474
esquecer,37455
james,37452
peter,37448
parecer,37425
padre,37404
começo,37360
louca,37209
buscar,37200
esperava,37174
mau,37164
dito,37097
centro,37084
época,37053
estrada,37051
carne,37029
vestido,36836
posição,36697
cheio,36694
fugir,36637
meninas,36596
teste,36594
entrou,36575
maldito,36528
chamada,36492
ligação,36481
saúde,36476
diferença,36472
junto,36445
planeta,36378
duro,36366
passo,36365
bela,36334
proteger,36231
longo,36184
cachorro,36173
chegando,36173
embaixo,36133
coloque,36111
max,36066
guarda,36020
escrever,36020
conheci,36017
cliente,35962
igual,35954
mandar,35873
bater,35842
falo,35839
pensou,35818
basta,35786
gostei,35779
encontramos,35776
porquê,35746
costas,35740
provar,35703
segundos,35689
lugares,35673
esquerda,35670
ambos,35670
coronel,35633
chame,35566
pés,35558
direita,35536
acredite,35532
aprender,35413
correr,35355
empresa,35262
dessas,35260
últimos,35189
cérebro,35151
informação,35075
perigo,35058
bola,35012
acham,34986
relação,34977
doce,34962
desculpas,34938
garotos,34909
destino,34900
sentindo,34766
deixei,34672
branco,34655
quais,34649
gostar,34578
cerca,34431
cerveja,34428
resolver,34371
regras,34297
cena,34285
creio,34259
norte,34233
público,34198
caiu,34196
sentar,34185
tiro,34176
oportunidade,34155
cozinha,34049
ficaria,34008
tia,34000
inteligente,33976
poderíamos,33918
toque,33742
propósito,33716
chá,33714
várias,33657
base,33624
york,33607
faculdade,33583
humano,33583
graça,33571
ordens,33564
lidar,33506
direto,33459
sul,33384
comandante,33342
cantar,33227
henry,33221
honra,33197
and,33139
trem,33018
ação,32982
importo,32979
senhoras,32976
prontos,32953
depressa,32951
direção,32877
perigoso,32867
confiar,32807
sargento,32789
existem,32687
oito,32658
animais,32648
cheiro,32588
experiência,32554
clube,32545
mary,32531
queira,32523
volto,32495
sonhos,32469
esqueci,32453
estúpido,32420
justo,32416
janela,32390
rio,32381
corte,32329
saco,32304
sucesso,32219
quantas,32186
lixo,32163
desejo,32084
aceitar,32075
pedi,32054
deveríamos,32005
quão,31998
escuta,31911
vinho,31894
necessário,31886
preocupado,31751
saída,31743
dançar,31733
poderá,31722
rainha,31701
comum,31675
liberdade,31591
pega,31465
entendido,31423
disto,31387
tempos,31382
tanta,31357
dormindo,31346
tribunal,31274
chamou,31266
verão,31258
repente,31191
steve,31168
parecem,31041
vender,31036
belo,31035
máquina,30869
silêncio,30819
informações,30773
receber,30753
meia,30730
passei,30714
mentira,30688
paris,30616
exemplo,30586
contrário,30575
raiva,30554
aula,30548
conseguimos,30528
ora,30504
socorro,30431
liga,30304
escolher,30272
tornar,30261
cadê,30250
humanos,30185
ligo,30148
preocupar,30141
dou,30135
venham,30132
uau,30114
atirar,30083
azul,30061
lua,30051
pressão,30027
série,30002
perdido,29973
jamais,29970
vermelho,29959
exceto,29947
colocou,29933
legenda,29932
inteiro,29922
comando,29909
harry,29863
cartão,29844
paciente,29820
diretor,29772
esperança,29765
ilha,29739
câmera,29690
notícia,29679
errada,29660
sarah,29630
danny,29626
revisão,29606
devagar,29598
parem,29531
achamos,29493
banho,29461
américa,29434
traga,29380
conte,29364
bolsa,29339
usa,29337
excelente,29324
andando,29280
alta,29278
jimmy,29196
bob,29175
bomba,29030
adam,29027
preço,28984
iremos,28974
alex,28969
vive,28933
esconder,28921
jim,28912
arte,28893
começando,28858
jovens,28818
passando,28766
ocupado,28704
bill,28691
jane,28638
pedido,28572
cão,28568
sequer,28439
parceiro,28415
suspeito,28410
pele,28406
nível,28405
opinião,28396
pista,28342
emergência,28340
computador,28288
seguinte,28247
planos,28212
policiais,28201
irmãos,28195
daquele,28190
ônibus,28182
batalha,28151
nick,28133
rádio,28130
acaba,28126
prefiro,28100
tony,28081
fiquem,28071
perdão,28063
haverá,28034
livros,28031
apesar,28016
justiça,28015
dança,27998
braço,27951
costumava,27906
will,27851
líder,27831
cale,27821
pego,27677
vergonha,27654
criar,27646
almoço,27624
coragem,27608
risco,27585
som,27578
pude,27565
roubar,27559
vários,27547
roubou,27545
negro,27506
espírito,27480
cansado,27349
defesa,27337
gostou,27302
principal,27285
novos,27263
fbi,27254
bunda,27249
especialmente,27196
peço,27140
cartas,27139
enorme,27120
funcionar,27107
imaginar,27106
inimigo,27050
ganhou,27002
brilhante,26995
entra,26990
londres,26981
julgamento,26953
cheia,26951
pernas,26871
don,26862
aparecer,26851
longa,26831
trata,26788
tirou,26785
juiz,26781
estrela,26777
ficam,26747
segura,26731
gay,26637
piada,26631
mora,26594
felizes,26581
inteira,26515
realidade,26486
procura,26428
relatório,26419
dizia,26375
saiam,26360
sapatos,26253
irão,26213
estação,26213
falamos,26205
restaurante,26199
responsável,26199
merece,26178
diante,26165
flores,26163
carros,26143
billy,26103
novas,26102
viram,26073
percebi,26070
dúvida,26030
conhecemos,26024
provas,26014
evitar,25994
alvo,25970
nomes,25894
pedaço,25842
destruir,25817
gato,25788
classe,25759
apareceu,25749
cheguei,25719
subir,25714
brincar,25712
buraco,25711
ido,25706
meninos,25658
infelizmente,25593
soldados,25552
gentil,25549
herói,25541
usou,25486
cadeia,25484
filmes,25393
morrendo,25372
acima,25335
gelo,25313
corrida,25301
xerife,25295
caramba,25262
busca,25246
suponho,25244
visão,25241
estás,25236
richard,25212
investigação,25192
yeah,25184
pedindo,25180
limpar,25164
árvore,25146
mentindo,25128
soubesse,25081
inglês,25068
eua,25058
estranha,25047
vídeo,25045
início,25040
fizer,24997
correndo,24940
endereço,24902
prédio,24898
tommy,24887
tamanho,24857
praia,24767
vieram,24750
nervoso,24737
havendo,24710
laboratório,24708
parede,24704
brincadeira,24677
amar,24667
cortar,24628
entrada,24608
cor,24601
super,24592
johnny,24580
descobriu,24576
vemos,24570
matei,24564
natureza,24560
metros,24530
ray,24520
idiotas,24458
testemunha,24446
projeto,24375
carreira,24351
deixando,24349
navio,24347
limpo,24321
comecei,24314
código,24280
responder,24278
gostava,24277
movimento,24258
ridículo,24257
estilo,24253
bravo,24229
jornal,24193
terminou,24160
bêbado,24152
pedra,24147
animal,24126
inocente,24119
toma,24100
mudança,24071
escreveu,24060
dados,24036
poderiam,24031
peixe,23995
jake,23989
americano,23988
velhos,23950
memória,23944
departamento,23901
pergunte,23885
contigo,23882
confiança,23882
estrelas,23881
absolutamente,23872
afinal,23866
contas,23810
adoraria,23806
floresta,23791
total,23784
dirigir,23752
obviamente,23739
episódio,23705
vimos,23690
major,23672
pescoço,23651
mark,23634
olhem,23623
preparar,23622
mantenha,23595
amy,23590
grávida,23588
vejam,23584
processo,23549
clientes,23526
entregar,23502
temporada,23449
diabo,23404
cadeira,23396
maria,23389
soldado,23386
esperem,23376
pôr,23372
tira,23352
assistir,23345
agradeço,23339
coma,23323
agradecer,23321
eddie,23254
chris,23186
férias,23180
desafio,23180
monstro,23156
histórias,23139
redor,23016
sentimentos,23015
menor,22997
virar,22971
perna,22965
operação,22948
esqueceu,22944
chegamos,22899
visita,22888
caro,22887
imagem,22861
escapar,22860
bala,22854
cristo,22818
apresentar,22814
conhecia,22796
distância,22795
chorar,22777
faca,22722
van,22707
vencer,22704
definitivamente,22702
particular,22692
amava,22669
nariz,22660
par,22658
fantástico,22627
milhares,22616
pontos,22610
braços,22604
branca,22603
dado,22601
nove,22594
perfeita,22594
perguntou,22576
beijo,22576
quieto,22557
prestes,22494
decidir,22472
troca,22459
ficarei,22418
verde,22418
seguida,22405
universo,22400
uso,22395
virá,22365
abaixo,22351
antigo,22337
madame,22316
passe,22309
apoio,22307
robert,22249
moça,22229
mercado,22211
imagino,22189
escuro,22181
bolo,22179
conhecido,22160
banda,22159
use,22140
detalhes,22101
valor,22085
recebi,22072
doença,22051
relógio,22048
caminhão,22030
médicos,22013
rico,21954
espécie,21926
sabendo,21922
culpado,21919
presa,21909
perdendo,21889
dentes,21844
barulho,21842
tornou,21829
ryan,21823
cavalos,21814
agradável,21813
arrumar,21804
poucos,21799
baby,21760
parou,21729
máximo,21728
política,21726
majestade,21719
gostam,21673
parque,21657
kevin,21654
ponha,21650
leite,21643
quebrar,21639
concordo,21631
discutir,21600
desistir,21586
comprou,21572
levantar,21570
perdemos,21531
salvou,21517
daquela,21515
velocidade,21457
bobby,21438
comece,21429
avó,21411
cirurgia,21356
milhão,21351
acesso,21343
chaves,21340
machucar,21315
marca,21301
dever,21280
cinema,21274
vêm,21259
nao,21232
relaxe,21221
hum,21216
livrar,21204
mesmos,21201
vento,21191
chamam,21190
preocupada,21159
encontrado,21134
ajudou,21122
depende,21104
ficamos,21075
verdadeira,21071
acabado,21070
recebeu,21056
portanto,21053
sobreviver,21047
fechar,21023
ganha,21017
permissão,21016
jogando,21001
noites,20965
levando,20926
princesa,20902
maldição,20895
disser,20869
vadia,20869
ruas,20865
possamos,20863
briga,20858
manda,20842
pensava,20840
desapareceu,20812
vítimas,20807
bateu,20805
anel,20797
pago,20781
maldita,20778
normalmente,20761
parado,20707
dono,20696
descansar,20664
palco,20663
maravilhosa,20633
come,20629
ponte,20580
noiva,20557
termos,20557
casado,20487
língua,20466
ouvido,20457
peso,20445
trocar,20438
debaixo,20437
fugiu,20430
lee,20407
unidos,20392
estaremos,20391
tomou,20358
comprei,20351
correto,20327
relacionamento,20320
obter,20293
controlar,20291
daniel,20277
humana,20251
calças,20238
martin,20219
matt,20145
orgulho,20130
der,20087
acordar,20045
daria,20041
interesse,20038
garrafa,20019
mostre,19989
estados,19984
façam,19958
mentir,19939
dedos,19902
eric,19899
contrato,19889
salvo,19884
charles,19871
sentado,19856
dna,19849
aberta,19842
ameaça,19818
deveriam,19809
esperto,19771
corpos,19761
americanos,19744
conheceu,19741
descer,19710
vovó,19694
perguntando,19658
deram,19642
casos,19636
decidiu,19624
futebol,19612
camisa,19611
odeia,19581
forças,19581
lar,19580
aparentemente,19567
avô,19560
descobri,19550
querendo,19549
brian,19541
maiores,19540
central,19533
nacional,19490
sociedade,19458
táxi,19457
voar,19406
luzes,19406
agir,19393
enviar,19387
teoria,19370
veremos,19363
oferta,19337
cansada,19326
frança,19284
inglaterra,19280
preto,19279
ligado,19265
resultado,19248
profissional,19237
direi,19218
antiga,19215
rachel,19213
responda,19207
traz,19192
perda,19187
fantasma,19184
altura,19174
dan,19161
calor,19155
devíamos,19140
maluco,19126
assistente,19096
contei,19081
vitória,19079
perguntei,19073
números,19065
feita,19064
adorável,19057
chapéu,19056
divertir,19027
kelly,19022
morar,19016
jardim,19002
colega,18995
verá,18989
senão,18986
verificar,18985
príncipe,18978
scott,18973
porco,18962
mostra,18921
pessoalmente,18914
natural,18900
decidi,18874
serem,18814
enfim,18806
cai,18803
fonte,18792
motorista,18781
confie,18777
escolheu,18769
visitar,18755
diversão,18742
universidade,18727
terceiro,18725
juntar,18712
unidade,18705
responsabilidade,18689
firme,18688
artista,18685
deixado,18679
liguei,18671
pesquisa,18665
pressa,18663
rapidamente,18658
momentos,18649
consertar,18629
legendas,18627
anna,18626
próximos,18615
servir,18576
okay,18564
usado,18545
cala,18533
quebrou,18529
voltei,18489
escrito,18429
ficaram,18398
casal,18390
simon,18376
casas,18368
oeste,18361
tantas,18334
larry,18314
interessado,18287
casaco,18264
aberto,18254
encontre,18250
lisa,18244
canção,18243
chuva,18241
quisesse,18240
espada,18238
pequenos,18234
bordo,18233
voltando,18226
demorar,18213
ensinar,18187
achava,18170
mata,18133
acabamos,18120
mentiu,18113
jeff,18108
acaso,18093
portas,18090
valeu,18073
pensam,18071
modelo,18070
dedo,18063
sábado,18059
pertence,18056
baile,18031
pegamos,18018
geral,17989
atrasado,17946
parada,17944
viemos,17929
torna,17919
ajudando,17901
chegaram,17877
entanto,17863
dão,17859
seguindo,17801
proteção,17774
fita,17764
armário,17760
chamando,17733
thomas,17732
washington,17727
kate,17716
santo,17702
crédito,17687
segure,17659
jogos,17654
dói,17653
imprensa,17645
jason,17635
honesto,17631
aviso,17613
acampamento,17604
atirou,17603
serve,17590
coloquei,17590
vovô,17583
queriam,17565
interessa,17563
objetivo,17547
grana,17544
construir,17541
inimigos,17513
sensação,17498
mande,17493
competição,17492
militar,17482
paga,17452
funcionando,17436
corra,17413
morre,17386
orgulhoso,17353
tenta,17341
besteira,17341
nasceu,17328
propriedade,17325
darei,17324
partido,17317
enfermeira,17315
rir,17307
enviou,17304
encontraram,17297
roubo,17293
apaixonado,17288
membro,17286
chocolate,17279
internet,17253
domingo,17225
segredos,17193
mandei,17186
deseja,17182
corredor,17177
sinais,17161
material,17153
sexual,17126
devido,17098
smith,17085
acorde,17079
lance,17079
ovos,17072
lago,17044
atacar,17041
primo,17038
toca,17028
felicidade,17028
saí,17020
levante,17010
partes,17008
membros,17006
presos,16990
pão,16981
carona,16973
montanha,16969
passagem,16968
prefeito,16967
confusão,16966
peito,16957
rock,16957
venho,16940
inútil,16933
vingança,16933
topo,16915
contente,16901
invés,16886
ferido,16882
humor,16879
curso,16875
lição,16850
aeroporto,16839
original,16786
sentiu,16784
caralho,16782
prêmio,16778
exato,16772
júri,16771
homicídio,16767
impedir,16766
copo,16752
jerry,16747
foder,16744
começamos,16728
tens,16705
completo,16689
nota,16680
falso,16666
anjo,16665
soa,16647
vossa,16647
arquivos,16632
chamo,16605
cavalheiros,16592
tempestade,16589
josh,16589
pôde,16584
útil,16583
los,16565
emily,16538
recuperar,16521
chorando,16515
posto,16515
explosão,16508
cuide,16506
admitir,16504
cabo,16503
melhorar,16479
andy,16465
explodir,16464
venda,16456
acontecido,16456
oferecer,16443
fortes,16436
crescer,16413
aprendi,16412
matando,16401
presença,16377
pete,16371
amigas,16367
tecnologia,16362
ultimamente,16357
voltarei,16350
avisar,16349
via,16334
preparado,16324
mapa,16324
ouve,16310
viajar,16308
neve,16302
walter,16301
perceber,16292
pacientes,16283
lutando,16270
ciência,16269
grace,16256
funcionou,16245
morreram,16231
golpe,16227
efeito,16223
feche,16219
discurso,16212
entrevista,16204
complicado,16202
direitos,16201
dave,16200
gás,16187
mel,16181
rosa,16175
ganhei,16172
tantos,16170
william,16162
prometeu,16140
câncer,16125
reino,16121
primeiros,16115
teatro,16089
rose,16088
falam,16074
estarão,16067
tratamento,16063
data,16047
aceito,16043
alice,16039
canto,16037
óbvio,16030
comendo,16021
ladrão,16020
ações,16004
tentativa,15984
juntas,15976
deixem,15969
francês,15969
leste,15956
importantes,15895
luke,15890
impressionante,15883
necessidade,15850
resultados,15842
cães,15834
conhecimento,15834
apresentação,15830
assustador,15829
bolas,15802
fundos,15791
segurar,15786
intenção,15781
gritar,15776
atire,15771
garantir,15742
sexy,15735
evidência,15727
familiar,15727
prato,15724
muda,15720
jogou,15719
europa,15718
respostas,15717
imbecil,15702
tolo,15700
aulas,15699
agentes,15688
claramente,15685
mate,15683
favorito,15670
cheque,15641
poderoso,15634
perfeitamente,15630
vivendo,15629
século,15620
vinte,15612
tomando,15608
vazio,15606
carter,15590
respirar,15578
opção,15576
pergunto,15575
vivos,15562
passamos,15558
amizade,15544
suicídio,15528
gênio,15513
exame,15510
emma,15493
fingir,15474
roma,15437
registros,15434
talento,15429
extra,15424
clara,15413
social,15408
confio,15408
médica,15402
comunidade,15391
atender,15381
erros,15374
deuses,15358
tido,15351
solução,15347
laura,15346
claire,15345
ruins,15337
chances,15317
fechado,15314
comeu,15293
confortável,15285
centenas,15273
chato,15269
corre,15255
kyle,15252
presentes,15252
mandado,15243
aparece,15231
testes,15221
interior,15204
fraco,15201
rede,15190
terceira,15160
ato,15160
famoso,15159
geralmente,15156
magia,15155
aconteça,15144
solte,15138
poderes,15134
nisto,15118
pegando,15112
fazenda,15109
identidade,15108
consciência,15095
últimas,15091
esquece,15089
annie,15079
new,15070
começaram,15055
porcaria,15055
treinador,15048
carteira,15047
estudar,15029
queijo,15017
colegas,15016
comportamento,15014
mexa,15010
coloca,14999
pequenas,14997
siga,14981
bagunça,14968
registro,14966
nervosa,14963
saberia,14953
alegria,14946
violência,14916
transar,14906
vestir,14904
árvores,14890
prender,14886
assinar,14886
próprios,14878
inspetor,14874
mexer,14872
chicago,14855
anteriormente,14852
conhecem,14845
envolvido,14834
crimes,14827
tratar,14811
mano,14802
conseguia,14800
truque,14776
vantagem,14775
arquivo,14775
star,14773
virou,14765
lucy,14739
entrei,14733
roger,14724
contando,14711
notas,14698
pau,14695
puxa,14671
passeio,14667
porém,14665
recentemente,14665
famílias,14652
carl,14645
leo,14636
entrando,14608
costa,14605
documentos,14591
imagine,14591
câmeras,14578
condições,14575
incêndio,14567
impressão,14556
pagou,14544
dará,14542
pizza,14524
sono,14514
zero,14512
votos,14507
desgraçado,14486
bando,14486
pensamos,14478
ocupada,14475
gritando,14474
demônio,14460
mostrou,14458
preocupa,14447
mataram,14437
babaca,14420
sozinhos,14404
fábrica,14396
méxico,14393
piloto,14392
abre,14382
deixarei,14363
choque,14361
mundial,14360
joga,14358
nojento,14357
completa,14357
instante,14334
louis,14333
temo,14329
trabalhou,14326
queda,14321
inteligência,14315
escondendo,14306
susan,14301
levaram,14297
óculos,14283
vermelha,14282
limpa,14272
criou,14266
gary,14264
qualidade,14261
rápida,14259
trabalhava,14241
guardas,14235
daqueles,14231
humanidade,14219
mágica,14217
corda,14188
huh,14186
difíceis,14179
sinta,14177
clark,14169
ted,14163
alan,14160
tim,14158
taylor,14155
conversamos,14135
sujeito,14128
pânico,14128
santa,14123
phil,14112
surpreso,14090
sujo,14088
tipos,14086
amante,14070
dura,14060
padrão,14060
ensinou,14059
bate,14057
bolso,14052
entrem,14052
raio,14039
levo,14037
lavar,14028
deixaram,14026
quebrado,14025
sorriso,14019
sincronia,14018
devolver,14016
gigante,14012
motor,14010
testemunhas,14004
funeral,14002
montanhas,13985
voltará,13977
parecido,13975
secreto,13972
dormiu,13958
razões,13952
sean,13952
sofá,13943
arthur,13943
pegaram,13931
jackson,13925
estranhos,13923
ficava,13922
apresenta,13917
estúpida,13915
consiga,13913
permitir,13908
zona,13905
tomei,13902
fila,13899
convidado,13883
rindo,13875
joey,13874
negra,13863
alerta,13852
basicamente,13849
televisão,13840
solo,13830
neles,13826
voltem,13813
arriscar,13812
evento,13807
that,13780
sumiu,13768
piscina,13761
duvido,13760
deserto,13754
desculpar,13751
sir,13750
vôo,13743
miss,13741
matado,13732
cuido,13731
folga,13724
san,13720
bobo,13706
grave,13695
imagens,13667
enfrentar,13658
massa,13652
pensado,13649
amei,13644
promessa,13641
imaginei,13640
regra,13632
esperamos,13617
antigos,13607
balas,13604
checar,13599
califórnia,13598
alemães,13596
voltamos,13591
campanha,13590
sentia,13585
encontra,13573
blake,13573
fantasia,13562
confuso,13558
angeles,13553
delegacia,13541
desligar,13538
escondido,13538
convidados,13526
moda,13523
mover,13521
pedaços,13519
aceita,13512
frango,13507
ligando,13500
tirando,13484
mala,13476
torre,13473
professora,13461
kim,13445
cigarro,13402
arranjar,13402
fumar,13391
percebe,13378
mentiras,13376
gerente,13376
iguais,13375
mentiroso,13372
companheiro,13345
versão,13344
confia,13344
milagre,13342
voo,13342
fronteira,13330
apostar,13318
limite,13302
noel,13300
revista,13296
jornais,13285
fizesse,13281
china,13279
sede,13278
pesadelo,13270
beba,13265
pesado,13257
placa,13247
deva,13242
ficado,13230
conexão,13229
digitais,13219
chef,13216
conto,13215
inverno,13211
praticamente,13206
madeira,13204
bebês,13202
beijar,13195
conversando,13192
castelo,13189
sentimento,13184
dirigindo,13172
covarde,13171
elizabeth,13169
estômago,13168
escutar,13167
pareceu,13142
mensagens,13133
inacreditável,13126
morgan,13117
ossos,13115
mantém,13112
passaram,13096
falava,13078
ligações,13068
bebendo,13064
bebidas,13061
cavalheiro,13058
big,13053
compras,13036
armadilha,13026
jenny,13019
divórcio,13003
casada,12994
ministro,12992
ouvidos,12987
especiais,12985
fatos,12978
mínimo,12973
selvagem,12973
pedras,12971
pássaro,12963
acharam,12959
jesse,12952
cantando,12950
evidências,12948
percebeu,12931
deixaria,12929
levado,12927
superior,12927
bilhete,12921
alemanha,12916
peguem,12914
calmo,12914
amanda,12907
rato,12904
desculpem,12903
traseiro,12889
divertindo,12887
digamos,12879
próprias,12873
assumir,12868
pára,12863
carga,12851
pouquinho,12843
vaca,12842
caça,12837
loucos,12829
receio,12829
podíamos,12824
roubado,12775
solta,12773
levei,12759
bobagem,12757
tocando,12757
irmãs,12751
fred,12751
negros,12751
período,12745
karen,12709
guardar,12697
treinamento,12696
garganta,12691
pagamento,12681
terem,12672
bruxa,12670
doces,12667
marinha,12663
tarefa,12659
alemão,12653
condição,12649
entrega,12644
iorque,12637
dama,12630
sabiam,12628
acontecerá,12616
cem,12603
recompensa,12596
maravilha,12594
maggie,12591
músicas,12589
limites,12589
aparência,12571
cruel,12567
adora,12563
espelho,12562
paixão,12562
poderemos,12559
principalmente,12552
céus,12543
julie,12542
areia,12536
página,12533
malas,12532
escrevi,12531
relaxar,12531
caindo,12520
quadro,12516
estúdio,12516
voto,12514
cozinhar,12513
conseguem,12509
baixa,12507
pareço,12496
senso,12496
uniforme,12487
abriu,12484
largue,12484
victor,12484
adorei,12481
cofre,12475
perde,12471
tento,12464
chateado,12456
dividir,12454
certas,12452
abaixe,12443
cura,12434
defender,12433
remédio,12430
sabes,12427
urso,12423
leu,12417
porão,12411
hank,12407
pede,12396
aprendeu,12391
ambulância,12390
levará,12383
quiserem,12381
honestamente,12369
perdoe,12360
escuridão,12352
agência,12351
academia,12346
vila,12333
viria,12328
equipamento,12323
passos,12312
vizinhos,12296
peças,12295
criatura,12279
diretamente,12272
destes,12269
jogada,12264
marcas,12243
acordado,12242
canal,12241
terminamos,12230
leia,12226
possibilidade,12225
incluindo,12223
terminei,12210
legais,12208
ande,12205
aluguel,12202
papéis,12201
garagem,12196
jogue,12192
tiros,12188
governador,12186
seres,12181
morra,12180
artigo,12179
sorvete,12178
compromisso,12175
vivem,12173
aposta,12171
usam,12170
sopa,12131
ideias,12129
educação,12115
facilmente,12110
acusação,12108
saudável,12104
oficiais,12101
chuck,12090
aliança,12088
bairro,12086
causar,12083
oceano,12080
dom,12078
pobres,12067
tesouro,12067
jogador,12054
donna,12040
áfrica,12039
pacote,12037
leis,12036
cia,12032
criminoso,12021
pensamento,12019
americana,12018
gasolina,12016
diário,12014
vírus,12011
barry,12011
sexta,12010
jones,12010
estragar,12004
acabaram,11997
botão,11989
convencer,11972
hmm,11963
tribo,11958
acertar,11952
vidro,11944
ilegal,11935
vencedor,11916
enganar,11916
superar,11914
gordo,11908
federal,11901
prefere,11900
reserva,11898
cuidando,11893
rick,11889
motivos,11887
más,11886
bicicleta,11881
ouço,11879
adiante,11873
alarme,11864
conheça,11856
entenda,11852
atitude,11846
índia,11843
deixam,11842
feio,11834
vire,11834
all,11831
mudei,11823
custa,11822
excelência,11805
assistindo,11802
rabo,11797
prometi,11794
mina,11788
hollywood,11779
tirei,11775
pensamentos,11768
lendo,11767
lados,11763
julia,11757
verei,11757
disposto,11756
fase,11751
colégio,11749
ferro,11731
ouviram,11721
disco,11717
desastre,11697
acreditam,11694
batendo,11684
partida,11677
campeão,11674
salão,11665
cópia,11662
hitler,11660
babá,11657
fechada,11653
noivo,11640
deixo,11638
devesse,11631
fuga,11629
falado,11617
ódio,11611
explicação,11607
aldeia,11603
cuida,11602
possam,11602
coincidência,11597
abby,11585
física,11582
stan,11579
ouçam,11575
escada,11570
love,11558
bebe,11548
suba,11546
torta,11545
olhou,11532
respire,11529
álcool,11527
açúcar,11524
câmara,11516
infância,11504
veneno,11500
corta,11487
uísque,11481
meritíssimo,11479
fugindo,11476
paciência,11475
brava,11463
engano,11446
dorme,11443
assassinos,11442
procure,11439
mato,11435
pulso,11429
lady,11428
esforço,11427
brancos,11420
mudando,11418
ficaremos,11415
cobertura,11413
explica,11411
decisões,11405
assuntos,11386
horário,11352
quartos,11350
mesmas,11350
lábios,11347
sombra,11330
jackie,11330
cego,11329
quilômetros,11312
ricos,11312
milhas,11306
assustado,11301
queríamos,11299
garotinha,11294
escutem,11289
reputação,11279
baseado,11276
reação,11273
acusações,11271
alunos,11270
habilidade,11261
mágico,11255
locais,11254
dúvidas,11254
mistério,11249
péssimo,11242
quantidade,11235
pular,11233
olhei,11220
tentamos,11220
festas,11215
poucas,11212
declaração,11199
adivinhar,11195
imagina,11192
esquecido,11192
secreta,11191
obra,11183
perdida,11177
texas,11167
paraíso,11162
greg,11159
vejamos,11157
biblioteca,11156
advogados,11154
sara,11154
desaparecer,11153
your,11151
região,11150
bastardo,11144
superfície,11143
telhado,11138
permite,11136
linhas,11133
prostituta,11132
desligue,11124
combate,11123
clínica,11119
cheira,11115
torno,11112
elevador,11105
vegas,11100
compra,11098
entendendo,11089
patrick,11087
howard,11086
cobra,11083
ferida,11078
portão,11072
nação,11071
transporte,11068
formas,11060
importância,11060
pintura,11046
reais,11038
ciúmes,11035
fria,11033
transformar,11032
casou,11023
tocou,11020
popular,11020
terras,11019
crise,11017
proposta,11016
cabeças,11013
participar,11006
saberá,11001
queimar,10992
extremamente,10988
cela,10978
molho,10969
conseguiram,10966
johnson,10958
katie,10957
metal,10957
molly,10957
paredes,10957
ambiente,10956
resgate,10953
habilidades,10945
dean,10934
fortuna,10931
tyler,10925
lágrimas,10924
vais,10919
seguros,10917
burro,10911
terno,10907
piores,10894
chegue,10882
park,10879
macaco,10866
salário,10862
ache,10855
dragão,10852
estacionamento,10847
usava,10846
usei,10836
entregue,10836
lembre,10835
depósito,10829
literalmente,10823
apaixonada,10821
brown,10817
deviam,10817
livres,10810
incomoda,10809
helen,10803
senador,10797
cometeu,10797
amém,10796
lily,10794
trabalhei,10780
gordon,10779
morrido,10756
city,10753
preocupação,10750
fumaça,10742
imaginação,10738
robin,10724
certos,10723
médio,10704
moto,10703
sessão,10702
goste,10701
judeus,10693
audiência,10688
põe,10682
saímos,10682
peixes,10681
alcance,10679
nadar,10678
tripulação,10665
brigar,10661
terapia,10656
termina,10653
sal,10646
naturalmente,10631
enganado,10616
acalmar,10606
caixas,10605
glória,10601
mac,10597
opções,10591
tropas,10585
irmos,10581
red,10579
eis,10574
mães,10572
garanto,10570
alimentar,10566
bruce,10565
terry,10559
curto,10558
michelle,10538
romântico,10535
orgulhosa,10531
favorita,10529
votar,10523
clima,10513
palácio,10506
recado,10504
prisioneiros,10501
feitos,10494
pôs,10493
rebecca,10490
medicina,10485
ganho,10485
dona,10482
chamamos,10481
mencionou,10478
templo,10476
aproveitar,10473
ritmo,10472
amamos,10454
relações,10446
barato,10437
primavera,10433
dava,10432
especialista,10419
aliás,10408
abrigo,10406
doug,10405
histórico,10402
museu,10388
carlos,10385
anne,10365
joelhos,10359
dirá,10358
assalto,10334
edifício,10331
acabe,10330
carregar,10324
andrew,10322
conseguiria,10306
sally,10299
sofrimento,10298
convidou,10296
acusado,10293
dylan,10291
criado,10270
mudanças,10264
infeliz,10261
poderei,10254
chamei,10254
jamie,10246
estudante,10245
jordan,10243
ator,10240
teto,10239
bombas,10238
divisão,10235
aumentar,10232
carol,10226
nathan,10224
ouvimos,10223
ross,10223
jay,10220
secretária,10211
danos,10208
acabo,10200
queres,10197
atraso,10197
partiu,10195
avise,10191
matéria,10175
lembranças,10175
onda,10156
sofrer,10155
senta,10137
remédios,10136
barriga,10133
king,10132
serviços,10120
lucas,10120
almoçar,10114
território,10111
importar,10109
circunstâncias,10099
raça,10096
retorno,10088
perdoar,10081
cruz,10073
vizinho,10068
falha,10066
farão,10064
deixamos,10055
jornada,10053
pássaros,10052
atraente,10052
chateada,10048
lobo,10044
romance,10030
pura,10011
